departmentId,deptNumber,name,code,branchCount,positionCount
DEP-01,1,ADMINISTRATION,DEP_01,4,16
DEP-02,2,ANALYTICS,DEP_02,4,17
DEP-03,3,CONSULTING AND CUSTOMER SUPPORT,DEP_03,5,23
DEP-04,4,CORPORATE AND SHARED SERVICES,DEP_04,6,32
DEP-05,5,DESIGN AND CREATIVE,DEP_05,5,22
DEP-06,6,"ENGINEERING, DEVELOPMENT AND SERVICES",DEP_06,5,38
DEP-07,7,FINANCE,DEP_07,6,27
DEP-08,8,GENERAL MANAGEMENT,DEP_08,3,15
DEP-09,9,HARDWARE AND MANUFACTURING,DEP_09,5,24
DEP-10,10,HUMAN RESOURCES,DEP_10,6,28
DEP-11,11,LEARNING,DEP_11,4,16
DEP-12,12,LEGAL AND CORPORATE AFFAIRS,DEP_12,4,17
DEP-13,13,MARKETING,DEP_13,6,24
DEP-14,14,OPERATIONS AND SUPPLY CHAIN,DEP_14,4,21
DEP-15,15,PRODUCT AND PROGRAM MANAGEMENT,DEP_15,4,21
DEP-16,16,"RESEARCH, APPLIED AND DATA SCIENCES",DEP_16,6,27
DEP-17,17,SALES,DEP_17,6,28
DEP-18,18,SECURITY ENGINEERING,DEP_18,5,27
