progress_id,employee_id,task_id,status,assigned_date,due_date,completed_date
P001,E001,T001,Completed,2026-09-29,2026-10-05,2026-09-29
P002,E001,T002,Completed,2026-09-29,2026-10-05,2026-09-29
P003,E001,T003,Pending,2026-09-29,2026-10-05,
P004,E001,T005,Pending,2026-09-29,2026-10-05,
P005,E002,T001,Completed,2026-09-29,2026-10-05,2026-09-29
P006,E002,T002,Completed,2026-09-29,2026-10-05,2026-09-29
P007,E002,T003,Pending,2026-09-29,2026-10-05,
P008,E002,T005,Completed,2026-09-29,2026-10-05,2026-09-29
P009,E003,T001,Completed,2026-09-30,2026-10-05,2026-09-30
P010,E003,T002,Pending,2026-09-30,2026-10-05,
P011,E003,T003,Pending,2026-09-30,2026-10-05,
P012,E003,T006,Completed,2026-09-30,2026-10-05,2026-09-30
P013,E004,T001,Completed,2026-09-30,2026-10-05,2026-09-30
P014,E004,T002,Completed,2026-09-30,2026-10-05,2026-09-30
P015,E004,T003,Completed,2026-09-30,2026-10-05,2026-09-30
P016,E004,T031,Pending,2026-09-30,2026-10-05,
P017,E005,T001,Completed,2026-10-01,2026-10-05,2026-10-01
P018,E005,T002,Pending,2026-10-01,2026-10-05,
P019,E005,T014,Pending,2026-10-01,2026-10-05,
P020,E005,T015,Completed,2026-10-01,2026-10-05,2026-10-01
P021,E006,T001,Completed,2026-10-01,2026-10-05,2026-10-01
P022,E006,T002,Completed,2026-10-01,2026-10-05,2026-10-01
P023,E006,T003,Pending,2026-10-01,2026-10-05,
P024,E006,T036,Pending,2026-10-01,2026-10-05,
P025,E007,T001,Completed,2026-10-01,2026-10-05,2026-10-01
P026,E007,T002,Completed,2026-10-01,2026-10-05,2026-10-01
P027,E007,T005,Pending,2026-10-01,2026-10-05,
P028,E007,T014,Completed,2026-10-01,2026-10-05,2026-10-01
P029,E008,T001,Completed,2026-10-02,2026-10-05,2026-10-02
P030,E008,T002,Pending,2026-10-02,2026-10-05,
P031,E008,T003,Pending,2026-10-02,2026-10-05,
P032,E009,T001,Completed,2026-10-02,2026-10-05,2026-10-02
P033,E009,T002,Completed,2026-10-02,2026-10-05,2026-10-02
P034,E009,T014,Pending,2026-10-02,2026-10-05,
P035,E010,T001,Completed,2026-10-02,2026-10-05,
